stage,pos_count,neg_count
1,1,1
2,1,0.0603282
3,1,0.00877532
